{
    "loss": [
        0.31029000878334045,
        0.15037810802459717,
        0.11881086230278015,
        0.1075325459241867,
        0.09672391414642334
    ],
    "accuracy": [
        0.8612086772918701,
        0.9386842250823975,
        0.9525443315505981,
        0.9574700593948364,
        0.9615845680236816
    ],
    "io_u": [
        0.0,
        1.678543776506558e-05,
        5.012585097574629e-05,
        0.00039380136877298355,
        0.0026040351949632168
    ],
    "val_loss": [
        0.18103577196598053,
        0.1300221085548401,
        0.1255197674036026,
        0.09843041002750397,
        0.08775926381349564
    ],
    "val_accuracy": [
        0.9254238605499268,
        0.9469009637832642,
        0.9493091106414795,
        0.962051272392273,
        0.965609610080719
    ],
    "val_io_u": [
        0.0,
        0.0,
        0.0,
        7.206233567558229e-05,
        0.0
    ],
    "lr": [
        0.0010000000474974513,
        0.0010000000474974513,
        0.0010000000474974513,
        0.0010000000474974513,
        0.0010000000474974513
    ]
}